{
    "rmse": 100.4130494831825,
    "mae": 79.53104087783468,
    "r2": -0.0018876924394823913
}